area_id,area_name,date,lower_ci,forecast,upper_ci
area-1,Area Kampus A,2026-10-06,800000,1000000,1200000
area-1,Area Kampus A,2026-10-07,800266,1000333,1200399
area-1,Area Kampus A,2026-10-08,800533,1000666,1200800
area-1,Area Kampus A,2026-10-09,800800,1000999,1201199
area-1,Area Kampus A,2026-10-10,801066,1001333,1201600
area-1,Area Kampus A,2026-10-11,801333,1001666,1202000
area-1,Area Kampus A,2026-10-12,801600,1002000,1202400
area-1,Area Kampus A,2026-10-13,801866,1002333,1202799
area-1,Area Kampus A,2026-10-14,802133,1002666,1203200
area-1,Area Kampus A,2026-10-15,802400,1002999,1203599
area-1,Area Kampus A,2026-10-16,802666,1003333,1204000
area-1,Area Kampus A,2026-10-17,802933,1003666,1204400
area-1,Area Kampus A,2026-10-18,803200,1004000,1204800
area-1,Area Kampus A,2026-10-19,803466,1004333,1205199
area-1,Area Kampus A,2026-10-20,803733,1004666,1205600
area-1,Area Kampus A,2026-10-21,804000,1004999,1205999
area-1,Area Kampus A,2026-10-22,804266,1005333,1206400
area-1,Area Kampus A,2026-10-23,804533,1005666,1206800
area-1,Area Kampus A,2026-10-24,804800,1006000,1207200
area-1,Area Kampus A,2026-10-25,805066,1006333,1207599
area-1,Area Kampus A,2026-10-26,805333,1006666,1208000
area-1,Area Kampus A,2026-10-27,805600,1006999,1208399
area-1,Area Kampus A,2026-10-28,805866,1007333,1208800
area-1,Area Kampus A,2026-10-29,806133,1007666,1209200
area-1,Area Kampus A,2026-10-30,806400,1008000,1209600
area-1,Area Kampus A,2026-10-31,806666,1008333,1209999
area-1,Area Kampus A,2026-11-01,806933,1008666,1210400
area-1,Area Kampus A,2026-11-02,807200,1008999,1210799
area-1,Area Kampus A,2026-11-03,807466,1009333,1211200
area-1,Area Kampus A,2026-11-04,807733,1009666,1211600
area-1,Area Kampus A,2026-11-05,808000,1010000,1212000
area-1,Area Kampus A,2026-11-06,808266,1010333,1212399
area-1,Area Kampus A,2026-11-07,808533,1010666,1212800
area-1,Area Kampus A,2026-11-08,808800,1010999,1213199
area-1,Area Kampus A,2026-11-09,809066,1011333,1213600
area-1,Area Kampus A,2026-11-10,809333,1011666,1214000
area-1,Area Kampus A,2026-11-11,809600,1012000,1214400
area-1,Area Kampus A,2026-11-12,809866,1012333,1214799
area-1,Area Kampus A,2026-11-13,810133,1012666,1215200
area-1,Area Kampus A,2026-11-14,810400,1012999,1215599
area-1,Area Kampus A,2026-11-15,810666,1013333,1216000
area-1,Area Kampus A,2026-11-16,810933,1013666,1216400
area-1,Area Kampus A,2026-11-17,811200,1014000,1216800
area-1,Area Kampus A,2026-11-18,811466,1014333,1217199
area-1,Area Kampus A,2026-11-19,811733,1014666,1217600
area-1,Area Kampus A,2026-11-20,812000,1014999,1217999
area-1,Area Kampus A,2026-11-21,812266,1015333,1218400
area-1,Area Kampus A,2026-11-22,812533,1015666,1218800
area-1,Area Kampus A,2026-11-23,812800,1016000,1219200
area-1,Area Kampus A,2026-11-24,813066,1016333,1219599
area-1,Area Kampus A,2026-11-25,813333,1016666,1220000
area-1,Area Kampus A,2026-11-26,813600,1016999,1220399
area-1,Area Kampus A,2026-11-27,813866,1017333,1220800
area-1,Area Kampus A,2026-11-28,814133,1017666,1221200
area-1,Area Kampus A,2026-11-29,814400,1018000,1221600
area-1,Area Kampus A,2026-11-30,814666,1018333,1221999
area-1,Area Kampus A,2026-12-01,814933,1018666,1222400
area-1,Area Kampus A,2026-12-02,815200,1018999,1222799
area-1,Area Kampus A,2026-12-03,815466,1019333,1223200
area-1,Area Kampus A,2026-12-04,815733,1019666,1223600
area-1,Area Kampus A,2026-12-05,816000,1020000,1224000
area-1,Area Kampus A,2026-12-06,816266,1020333,1224400
area-1,Area Kampus A,2026-12-07,816533,1020666,1224800
area-1,Area Kampus A,2026-12-08,816800,1020999,1225199
area-1,Area Kampus A,2026-12-09,817066,1021333,1225600
area-1,Area Kampus A,2026-12-10,817333,1021666,1226000
area-1,Area Kampus A,2026-12-11,817600,1022000,1226400
area-1,Area Kampus A,2026-12-12,817866,1022333,1226800
area-1,Area Kampus A,2026-12-13,818133,1022666,1227200
area-1,Area Kampus A,2026-12-14,818400,1022999,1227599
area-1,Area Kampus A,2026-12-15,818666,1023333,1228000
area-1,Area Kampus A,2026-12-16,818933,1023666,1228400
area-1,Area Kampus A,2026-12-17,819200,1024000,1228800
area-1,Area Kampus A,2026-12-18,819466,1024333,1229200
area-1,Area Kampus A,2026-12-19,819733,1024666,1229600
area-1,Area Kampus A,2026-12-20,820000,1024999,1229999
area-1,Area Kampus A,2026-12-21,820266,1025333,1230400
area-1,Area Kampus A,2026-12-22,820533,1025666,1230800
area-1,Area Kampus A,2026-12-23,820800,1026000,1231200
area-1,Area Kampus A,2026-12-24,821066,1026333,1231600
area-1,Area Kampus A,2026-12-25,821333,1026666,1232000
area-1,Area Kampus A,2026-12-26,821600,1026999,1232399
area-1,Area Kampus A,2026-12-27,821866,1027333,1232800
area-1,Area Kampus A,2026-12-28,822133,1027666,1233200
area-1,Area Kampus A,2026-12-29,822400,1028000,1233600
area-1,Area Kampus A,2026-12-30,822666,1028333,1234000
area-1,Area Kampus A,2026-12-31,822933,1028666,1234400
area-1,Area Kampus A,2027-01-01,823200,1028999,1234799
area-1,Area Kampus A,2027-01-02,823466,1029333,1235200
area-1,Area Kampus A,2027-01-03,823733,1029666,1235600
area-2,Area Pusat Kota,2026-10-06,800000,1000000,1200000
area-2,Area Pusat Kota,2026-10-07,800266,1000333,1200399
area-2,Area Pusat Kota,2026-10-08,800533,1000666,1200800
area-2,Area Pusat Kota,2026-10-09,800800,1000999,1201199
area-2,Area Pusat Kota,2026-10-10,801066,1001333,1201600
area-2,Area Pusat Kota,2026-10-11,801333,1001666,1202000
area-2,Area Pusat Kota,2026-10-12,801600,1002000,1202400
area-2,Area Pusat Kota,2026-10-13,801866,1002333,1202799
area-2,Area Pusat Kota,2026-10-14,802133,1002666,1203200
area-2,Area Pusat Kota,2026-10-15,802400,1002999,1203599
area-2,Area Pusat Kota,2026-10-16,802666,1003333,1204000
area-2,Area Pusat Kota,2026-10-17,802933,1003666,1204400
area-2,Area Pusat Kota,2026-10-18,803200,1004000,1204800
area-2,Area Pusat Kota,2026-10-19,803466,1004333,1205199
area-2,Area Pusat Kota,2026-10-20,803733,1004666,1205600
area-2,Area Pusat Kota,2026-10-21,804000,1004999,1205999
area-2,Area Pusat Kota,2026-10-22,804266,1005333,1206400
area-2,Area Pusat Kota,2026-10-23,804533,1005666,1206800
area-2,Area Pusat Kota,2026-10-24,804800,1006000,1207200
area-2,Area Pusat Kota,2026-10-25,805066,1006333,1207599
area-2,Area Pusat Kota,2026-10-26,805333,1006666,1208000
area-2,Area Pusat Kota,2026-10-27,805600,1006999,1208399
area-2,Area Pusat Kota,2026-10-28,805866,1007333,1208800
area-2,Area Pusat Kota,2026-10-29,806133,1007666,1209200
area-2,Area Pusat Kota,2026-10-30,806400,1008000,1209600
area-2,Area Pusat Kota,2026-10-31,806666,1008333,1209999
area-2,Area Pusat Kota,2026-11-01,806933,1008666,1210400
area-2,Area Pusat Kota,2026-11-02,807200,1008999,1210799
area-2,Area Pusat Kota,2026-11-03,807466,1009333,1211200
area-2,Area Pusat Kota,2026-11-04,807733,1009666,1211600
area-2,Area Pusat Kota,2026-11-05,808000,1010000,1212000
area-2,Area Pusat Kota,2026-11-06,808266,1010333,1212399
area-2,Area Pusat Kota,2026-11-07,808533,1010666,1212800
area-2,Area Pusat Kota,2026-11-08,808800,1010999,1213199
area-2,Area Pusat Kota,2026-11-09,809066,1011333,1213600
area-2,Area Pusat Kota,2026-11-10,809333,1011666,1214000
area-2,Area Pusat Kota,2026-11-11,809600,1012000,1214400
area-2,Area Pusat Kota,2026-11-12,809866,1012333,1214799
area-2,Area Pusat Kota,2026-11-13,810133,1012666,1215200
area-2,Area Pusat Kota,2026-11-14,810400,1012999,1215599
area-2,Area Pusat Kota,2026-11-15,810666,1013333,1216000
area-2,Area Pusat Kota,2026-11-16,810933,1013666,1216400
area-2,Area Pusat Kota,2026-11-17,811200,1014000,1216800
area-2,Area Pusat Kota,2026-11-18,811466,1014333,1217199
area-2,Area Pusat Kota,2026-11-19,811733,1014666,1217600
area-2,Area Pusat Kota,2026-11-20,812000,1014999,1217999
area-2,Area Pusat Kota,2026-11-21,812266,1015333,1218400
area-2,Area Pusat Kota,2026-11-22,812533,1015666,1218800
area-2,Area Pusat Kota,2026-11-23,812800,1016000,1219200
area-2,Area Pusat Kota,2026-11-24,813066,1016333,1219599
area-2,Area Pusat Kota,2026-11-25,813333,1016666,1220000
area-2,Area Pusat Kota,2026-11-26,813600,1016999,1220399
area-2,Area Pusat Kota,2026-11-27,813866,1017333,1220800
area-2,Area Pusat Kota,2026-11-28,814133,1017666,1221200
area-2,Area Pusat Kota,2026-11-29,814400,1018000,1221600
area-2,Area Pusat Kota,2026-11-30,814666,1018333,1221999
area-2,Area Pusat Kota,2026-12-01,814933,1018666,1222400
area-2,Area Pusat Kota,2026-12-02,815200,1018999,1222799
area-2,Area Pusat Kota,2026-12-03,815466,1019333,1223200
area-2,Area Pusat Kota,2026-12-04,815733,1019666,1223600
area-2,Area Pusat Kota,2026-12-05,816000,1020000,1224000
area-2,Area Pusat Kota,2026-12-06,816266,1020333,1224400
area-2,Area Pusat Kota,2026-12-07,816533,1020666,1224800
area-2,Area Pusat Kota,2026-12-08,816800,1020999,1225199
area-2,Area Pusat Kota,2026-12-09,817066,1021333,1225600
area-2,Area Pusat Kota,2026-12-10,817333,1021666,1226000
area-2,Area Pusat Kota,2026-12-11,817600,1022000,1226400
area-2,Area Pusat Kota,2026-12-12,817866,1022333,1226800
area-2,Area Pusat Kota,2026-12-13,818133,1022666,1227200
area-2,Area Pusat Kota,2026-12-14,818400,1022999,1227599
area-2,Area Pusat Kota,2026-12-15,818666,1023333,1228000
area-2,Area Pusat Kota,2026-12-16,818933,1023666,1228400
area-2,Area Pusat Kota,2026-12-17,819200,1024000,1228800
area-2,Area Pusat Kota,2026-12-18,819466,1024333,1229200
area-2,Area Pusat Kota,2026-12-19,819733,1024666,1229600
area-2,Area Pusat Kota,2026-12-20,820000,1024999,1229999
area-2,Area Pusat Kota,2026-12-21,820266,1025333,1230400
area-2,Area Pusat Kota,2026-12-22,820533,1025666,1230800
area-2,Area Pusat Kota,2026-12-23,820800,1026000,1231200
area-2,Area Pusat Kota,2026-12-24,821066,1026333,1231600
area-2,Area Pusat Kota,2026-12-25,821333,1026666,1232000
area-2,Area Pusat Kota,2026-12-26,821600,1026999,1232399
area-2,Area Pusat Kota,2026-12-27,821866,1027333,1232800
area-2,Area Pusat Kota,2026-12-28,822133,1027666,1233200
area-2,Area Pusat Kota,2026-12-29,822400,1028000,1233600
area-2,Area Pusat Kota,2026-12-30,822666,1028333,1234000
area-2,Area Pusat Kota,2026-12-31,822933,1028666,1234400
area-2,Area Pusat Kota,2027-01-01,823200,1028999,1234799
area-2,Area Pusat Kota,2027-01-02,823466,1029333,1235200
area-2,Area Pusat Kota,2027-01-03,823733,1029666,1235600
area-3,Area Mall Plaza,2026-10-06,800000,1000000,1200000
area-3,Area Mall Plaza,2026-10-07,800266,1000333,1200399
area-3,Area Mall Plaza,2026-10-08,800533,1000666,1200800
area-3,Area Mall Plaza,2026-10-09,800800,1000999,1201199
area-3,Area Mall Plaza,2026-10-10,801066,1001333,1201600
area-3,Area Mall Plaza,2026-10-11,801333,1001666,1202000
area-3,Area Mall Plaza,2026-10-12,801600,1002000,1202400
area-3,Area Mall Plaza,2026-10-13,801866,1002333,1202799
area-3,Area Mall Plaza,2026-10-14,802133,1002666,1203200
area-3,Area Mall Plaza,2026-10-15,802400,1002999,1203599
area-3,Area Mall Plaza,2026-10-16,802666,1003333,1204000
area-3,Area Mall Plaza,2026-10-17,802933,1003666,1204400
area-3,Area Mall Plaza,2026-10-18,803200,1004000,1204800
area-3,Area Mall Plaza,2026-10-19,803466,1004333,1205199
area-3,Area Mall Plaza,2026-10-20,803733,1004666,1205600
area-3,Area Mall Plaza,2026-10-21,804000,1004999,1205999
area-3,Area Mall Plaza,2026-10-22,804266,1005333,1206400
area-3,Area Mall Plaza,2026-10-23,804533,1005666,1206800
area-3,Area Mall Plaza,2026-10-24,804800,1006000,1207200
area-3,Area Mall Plaza,2026-10-25,805066,1006333,1207599
area-3,Area Mall Plaza,2026-10-26,805333,1006666,1208000
area-3,Area Mall Plaza,2026-10-27,805600,1006999,1208399
area-3,Area Mall Plaza,2026-10-28,805866,1007333,1208800
area-3,Area Mall Plaza,2026-10-29,806133,1007666,1209200
area-3,Area Mall Plaza,2026-10-30,806400,1008000,1209600
area-3,Area Mall Plaza,2026-10-31,806666,1008333,1209999
area-3,Area Mall Plaza,2026-11-01,806933,1008666,1210400
area-3,Area Mall Plaza,2026-11-02,807200,1008999,1210799
area-3,Area Mall Plaza,2026-11-03,807466,1009333,1211200
area-3,Area Mall Plaza,2026-11-04,807733,1009666,1211600
area-3,Area Mall Plaza,2026-11-05,808000,1010000,1212000
area-3,Area Mall Plaza,2026-11-06,808266,1010333,1212399
area-3,Area Mall Plaza,2026-11-07,808533,1010666,1212800
area-3,Area Mall Plaza,2026-11-08,808800,1010999,1213199
area-3,Area Mall Plaza,2026-11-09,809066,1011333,1213600
area-3,Area Mall Plaza,2026-11-10,809333,1011666,1214000
area-3,Area Mall Plaza,2026-11-11,809600,1012000,1214400
area-3,Area Mall Plaza,2026-11-12,809866,1012333,1214799
area-3,Area Mall Plaza,2026-11-13,810133,1012666,1215200
area-3,Area Mall Plaza,2026-11-14,810400,1012999,1215599
area-3,Area Mall Plaza,2026-11-15,810666,1013333,1216000
area-3,Area Mall Plaza,2026-11-16,810933,1013666,1216400
area-3,Area Mall Plaza,2026-11-17,811200,1014000,1216800
area-3,Area Mall Plaza,2026-11-18,811466,1014333,1217199
area-3,Area Mall Plaza,2026-11-19,811733,1014666,1217600
area-3,Area Mall Plaza,2026-11-20,812000,1014999,1217999
area-3,Area Mall Plaza,2026-11-21,812266,1015333,1218400
area-3,Area Mall Plaza,2026-11-22,812533,1015666,1218800
area-3,Area Mall Plaza,2026-11-23,812800,1016000,1219200
area-3,Area Mall Plaza,2026-11-24,813066,1016333,1219599
area-3,Area Mall Plaza,2026-11-25,813333,1016666,1220000
area-3,Area Mall Plaza,2026-11-26,813600,1016999,1220399
area-3,Area Mall Plaza,2026-11-27,813866,1017333,1220800
area-3,Area Mall Plaza,2026-11-28,814133,1017666,1221200
area-3,Area Mall Plaza,2026-11-29,814400,1018000,1221600
area-3,Area Mall Plaza,2026-11-30,814666,1018333,1221999
area-3,Area Mall Plaza,2026-12-01,814933,1018666,1222400
area-3,Area Mall Plaza,2026-12-02,815200,1018999,1222799
area-3,Area Mall Plaza,2026-12-03,815466,1019333,1223200
area-3,Area Mall Plaza,2026-12-04,815733,1019666,1223600
area-3,Area Mall Plaza,2026-12-05,816000,1020000,1224000
area-3,Area Mall Plaza,2026-12-06,816266,1020333,1224400
area-3,Area Mall Plaza,2026-12-07,816533,1020666,1224800
area-3,Area Mall Plaza,2026-12-08,816800,1020999,1225199
area-3,Area Mall Plaza,2026-12-09,817066,1021333,1225600
area-3,Area Mall Plaza,2026-12-10,817333,1021666,1226000
area-3,Area Mall Plaza,2026-12-11,817600,1022000,1226400
area-3,Area Mall Plaza,2026-12-12,817866,1022333,1226800
area-3,Area Mall Plaza,2026-12-13,818133,1022666,1227200
area-3,Area Mall Plaza,2026-12-14,818400,1022999,1227599
area-3,Area Mall Plaza,2026-12-15,818666,1023333,1228000
area-3,Area Mall Plaza,2026-12-16,818933,1023666,1228400
area-3,Area Mall Plaza,2026-12-17,819200,1024000,1228800
area-3,Area Mall Plaza,2026-12-18,819466,1024333,1229200
area-3,Area Mall Plaza,2026-12-19,819733,1024666,1229600
area-3,Area Mall Plaza,2026-12-20,820000,1024999,1229999
area-3,Area Mall Plaza,2026-12-21,820266,1025333,1230400
area-3,Area Mall Plaza,2026-12-22,820533,1025666,1230800
area-3,Area Mall Plaza,2026-12-23,820800,1026000,1231200
area-3,Area Mall Plaza,2026-12-24,821066,1026333,1231600
area-3,Area Mall Plaza,2026-12-25,821333,1026666,1232000
area-3,Area Mall Plaza,2026-12-26,821600,1026999,1232399
area-3,Area Mall Plaza,2026-12-27,821866,1027333,1232800
area-3,Area Mall Plaza,2026-12-28,822133,1027666,1233200
area-3,Area Mall Plaza,2026-12-29,822400,1028000,1233600
area-3,Area Mall Plaza,2026-12-30,822666,1028333,1234000
area-3,Area Mall Plaza,2026-12-31,822933,1028666,1234400
area-3,Area Mall Plaza,2027-01-01,823200,1028999,1234799
area-3,Area Mall Plaza,2027-01-02,823466,1029333,1235200
area-3,Area Mall Plaza,2027-01-03,823733,1029666,1235600
TOTAL,Total All Areas,2026-10-06,2400000,3000000,3600000
TOTAL,Total All Areas,2026-10-07,2400798,3000999,3601197
TOTAL,Total All Areas,2026-10-08,2401599,3001998,3602400
TOTAL,Total All Areas,2026-10-09,2402400,3002997,3603597
TOTAL,Total All Areas,2026-10-10,2403198,3003999,3604800
TOTAL,Total All Areas,2026-10-11,2403999,3004998,3606000
TOTAL,Total All Areas,2026-10-12,2404800,3006000,3607200
TOTAL,Total All Areas,2026-10-13,2405598,3006999,3608397
TOTAL,Total All Areas,2026-10-14,2406399,3007998,3609600
TOTAL,Total All Areas,2026-10-15,2407200,3008997,3610797
TOTAL,Total All Areas,2026-10-16,2407998,3009999,3612000
TOTAL,Total All Areas,2026-10-17,2408799,3010998,3613200
TOTAL,Total All Areas,2026-10-18,2409600,3012000,3614400
TOTAL,Total All Areas,2026-10-19,2410398,3012999,3615597
TOTAL,Total All Areas,2026-10-20,2411199,3013998,3616800
TOTAL,Total All Areas,2026-10-21,2412000,3014997,3617997
TOTAL,Total All Areas,2026-10-22,2412798,3015999,3619200
TOTAL,Total All Areas,2026-10-23,2413599,3016998,3620400
TOTAL,Total All Areas,2026-10-24,2414400,3018000,3621600
TOTAL,Total All Areas,2026-10-25,2415198,3018999,3622797
TOTAL,Total All Areas,2026-10-26,2415999,3019998,3624000
TOTAL,Total All Areas,2026-10-27,2416800,3020997,3625197
TOTAL,Total All Areas,2026-10-28,2417598,3021999,3626400
TOTAL,Total All Areas,2026-10-29,2418399,3022998,3627600
TOTAL,Total All Areas,2026-10-30,2419200,3024000,3628800
TOTAL,Total All Areas,2026-10-31,2419998,3024999,3629997
TOTAL,Total All Areas,2026-11-01,2420799,3025998,3631200
TOTAL,Total All Areas,2026-11-02,2421600,3026997,3632397
TOTAL,Total All Areas,2026-11-03,2422398,3027999,3633600
TOTAL,Total All Areas,2026-11-04,2423199,3028998,3634800
TOTAL,Total All Areas,2026-11-05,2424000,3030000,3636000
TOTAL,Total All Areas,2026-11-06,2424798,3030999,3637197
TOTAL,Total All Areas,2026-11-07,2425599,3031998,3638400
TOTAL,Total All Areas,2026-11-08,2426400,3032997,3639597
TOTAL,Total All Areas,2026-11-09,2427198,3033999,3640800
TOTAL,Total All Areas,2026-11-10,2427999,3034998,3642000
TOTAL,Total All Areas,2026-11-11,2428800,3036000,3643200
TOTAL,Total All Areas,2026-11-12,2429598,3036999,3644397
TOTAL,Total All Areas,2026-11-13,2430399,3037998,3645600
TOTAL,Total All Areas,2026-11-14,2431200,3038997,3646797
TOTAL,Total All Areas,2026-11-15,2431998,3039999,3648000
TOTAL,Total All Areas,2026-11-16,2432799,3040998,3649200
TOTAL,Total All Areas,2026-11-17,2433600,3042000,3650400
TOTAL,Total All Areas,2026-11-18,2434398,3042999,3651597
TOTAL,Total All Areas,2026-11-19,2435199,3043998,3652800
TOTAL,Total All Areas,2026-11-20,2436000,3044997,3653997
TOTAL,Total All Areas,2026-11-21,2436798,3045999,3655200
TOTAL,Total All Areas,2026-11-22,2437599,3046998,3656400
TOTAL,Total All Areas,2026-11-23,2438400,3048000,3657600
TOTAL,Total All Areas,2026-11-24,2439198,3048999,3658797
TOTAL,Total All Areas,2026-11-25,2439999,3049998,3660000
TOTAL,Total All Areas,2026-11-26,2440800,3050997,3661197
TOTAL,Total All Areas,2026-11-27,2441598,3051999,3662400
TOTAL,Total All Areas,2026-11-28,2442399,3052998,3663600
TOTAL,Total All Areas,2026-11-29,2443200,3054000,3664800
TOTAL,Total All Areas,2026-11-30,2443998,3054999,3665997
TOTAL,Total All Areas,2026-12-01,2444799,3055998,3667200
TOTAL,Total All Areas,2026-12-02,2445600,3056997,3668397
TOTAL,Total All Areas,2026-12-03,2446398,3057999,3669600
TOTAL,Total All Areas,2026-12-04,2447199,3058998,3670800
TOTAL,Total All Areas,2026-12-05,2448000,3060000,3672000
TOTAL,Total All Areas,2026-12-06,2448798,3060999,3673200
TOTAL,Total All Areas,2026-12-07,2449599,3061998,3674400
TOTAL,Total All Areas,2026-12-08,2450400,3062997,3675597
TOTAL,Total All Areas,2026-12-09,2451198,3063999,3676800
TOTAL,Total All Areas,2026-12-10,2451999,3064998,3678000
TOTAL,Total All Areas,2026-12-11,2452800,3066000,3679200
TOTAL,Total All Areas,2026-12-12,2453598,3066999,3680400
TOTAL,Total All Areas,2026-12-13,2454399,3067998,3681600
TOTAL,Total All Areas,2026-12-14,2455200,3068997,3682797
TOTAL,Total All Areas,2026-12-15,2455998,3069999,3684000
TOTAL,Total All Areas,2026-12-16,2456799,3070998,3685200
TOTAL,Total All Areas,2026-12-17,2457600,3072000,3686400
TOTAL,Total All Areas,2026-12-18,2458398,3072999,3687600
TOTAL,Total All Areas,2026-12-19,2459199,3073998,3688800
TOTAL,Total All Areas,2026-12-20,2460000,3074997,3689997
TOTAL,Total All Areas,2026-12-21,2460798,3075999,3691200
TOTAL,Total All Areas,2026-12-22,2461599,3076998,3692400
TOTAL,Total All Areas,2026-12-23,2462400,3078000,3693600
TOTAL,Total All Areas,2026-12-24,2463198,3078999,3694800
TOTAL,Total All Areas,2026-12-25,2463999,3079998,3696000
TOTAL,Total All Areas,2026-12-26,2464800,3080997,3697197
TOTAL,Total All Areas,2026-12-27,2465598,3081999,3698400
TOTAL,Total All Areas,2026-12-28,2466399,3082998,3699600
TOTAL,Total All Areas,2026-12-29,2467200,3084000,3700800
TOTAL,Total All Areas,2026-12-30,2467998,3084999,3702000
TOTAL,Total All Areas,2026-12-31,2468799,3085998,3703200
TOTAL,Total All Areas,2027-01-01,2469600,3086997,3704397
TOTAL,Total All Areas,2027-01-02,2470398,3087999,3705600
TOTAL,Total All Areas,2027-01-03,2471199,3088998,3706800
